id,name,iso3,iso2,numeric_code,phone_code,capital,currency,currency_name,currency_symbol,tld,native,region,region_id,subregion,subregion_id,nationality,timezones,latitude,longitude,emoji,emojiU
1,Afghanistan,AFG,AF,004,93,Kabul,AFN,"Afghan afghani",Ø‹,.af,Ø§ÙØºØ§Ù†Ø³ØªØ§Ù†,Asia,3,"Southern Asia",14,Afghan,"[{zoneName:'Asia\/Kabul',gmtOffset:16200,gmtOffsetName:'UTC+04:30',abbreviation:'AFT',tzName:'Afghanistan Time'}]",33.00000000,65.00000000,ğŸ‡¦ğŸ‡«,"U+1F1E6 U+1F1EB"
2,"Aland Islands",ALA,AX,248,+358-18,Mariehamn,EUR,Euro,€,.ax,Åland,Europe,4,"Northern Europe",18,"Aland Island","[{zoneName:'Europe\/Mariehamn',gmtOffset:7200,gmtOffsetName:'UTC+02:00',abbreviation:'EET',tzName:'Eastern European Time'}]",60.11666700,19.90000000,🇦🇽,"U+1F1E6 U+1F1FD"
3,Albania,ALB,AL,008,355,Tirana,ALL,"Albanian lek",Lek,.al,Shqipëria,Europe,4,"Southern Europe",16,"Albanian ","[{zoneName:'Europe\/Tirane',gmtOffset:3600,gmtOffsetName:'UTC+01:00',abbreviation:'CET',tzName:'Central European Time'}]",41.00000000,20.00000000,🇦🇱,"U+1F1E6 U+1F1F1"